row_num,nsn,mil_spec,nomenclature,tech_docs,solicitation,status,purchase_request,qty,issued,return_by
1,6640-01-681-0587,,WATER SAMPLING TEST,None,SPE2DH-26-T-5387,Open,7017570939,1,07-23-2026,07-29-2026
2,6640-01-492-5120,,"CASSETTE, FILTER",None,SPE2DH-26-T-5394,Open,7017575436,5,07-23-2026,07-29-2026
3,6640-01-492-5120,,"CASSETTE, FILTER",None,SPE2DH-26-T-5394,Open,7017575185,1,07-23-2026,07-29-2026
4,6640-00-500-0276,,"BOTTLE, SCREW CAP",None,SPE2DH-26-T-5396,Open,7017575437,1,07-23-2026,07-29-2026
5,6640-01-497-5789,,"CHIP, CHEMICAL, AMMON",None,SPE2DH-26-T-5398,Open,7017577157,2,07-23-2026,07-29-2026
6,6640-01-497-5789,,"CHIP, CHEMICAL, AMMON",None,SPE2DH-26-T-5398,Open,7017547711,1,07-23-2026,07-29-2026
7,6640-01-454-6834,,"CLOTH, LENS",None,SPE2DH-26-T-5401,Open,7017576500,1,07-23-2026,07-29-2026
8,6640-01-454-6834,,"CLOTH, LENS",None,SPE2DH-26-T-5401,Open,7017590458,1,07-23-2026,07-29-2026
9,6640-01-630-1887,,"WASH BOTTLE, LABORAT",None,SPE2DH-26-T-5402,Open,7017577601,1,07-23-2026,07-29-2026
10,6515-00-564-8242,,"APPLICATOR, DISPOSABLE",None,SPE2DS-26-T-259Q,Open,7017570636,1,07-23-2026,07-28-2026
11,6515-01-687-1199,,"THERMOMETER, CLINICAL, H",None,SPE2DS-26-T-259R,Open,7017570664,7,07-23-2026,07-28-2026
12,6515-01-608-7696,,"TEST LUNG, VENTILATOR",None,SPE2DS-26-T-259S,Open,7017570423,1,07-23-2026,07-28-2026
13,6515-01-500-5746,,"BAG, RECLOSABLE",None,SPE2DS-26-T-259T,Open,7017570638,15,07-23-2026,07-28-2026
14,6515-01-529-5293,,"SYRINGE, CATHETER TI",None,SPE2DS-26-T-259U,Open,7017570630,25,07-23-2026,07-28-2026
15,6515-01-572-8338,,"PLUG, EAR",None,SPE2DS-26-T-259V,Open,7017570499,25,07-23-2026,07-28-2026
16,6515-01-389-6158,,"TUBE, SUCTION, SURGICAL",None,SPE2DS-26-T-259W,Open,7017570631,7,07-23-2026,07-28-2026
17,6515-01-389-6158,,"TUBE, SUCTION, SURGICAL",None,SPE2DS-26-T-259W,Open,7017584420,1,07-23-2026,07-28-2026
18,6515-01-513-9276,,"RESUSCITATION KIT, MOUT",None,SPE2DS-26-T-259Y,Open,7017570635,1,07-23-2026,07-28-2026
19,6515-01-515-0197,,"GLOVE, PATIENT EXAMININ",None,SPE2DS-26-T-259Z,Open,7017583531,5,07-23-2026,07-28-2026
20,6515-01-515-0197,,"GLOVE, PATIENT EXAMININ",None,SPE2DS-26-T-259Z,Open,7017570535,5,07-23-2026,07-28-2026
21,6515-01-515-0197,,"GLOVE, PATIENT EXAMININ",None,SPE2DS-26-T-259Z,Open,7017578087,10,07-23-2026,07-28-2026
22,6515-01-156-2468,,"SPLINT, HAND",None,SPE2DS-26-T-260B,Open,7017589760,5,07-23-2026,07-28-2026
23,6515-01-610-7720,,"RESUSCITATOR, HAND OPER",None,SPE2DS-26-T-260C,Open,7017589708,1,07-23-2026,07-28-2026
24,6515-01-733-0824,,"TUBE, TRACHEAL",None,SPE2DS-26-T-260D,Open,7017589707,2,07-23-2026,07-28-2026
25,6515-01-590-2668,,"SHIELD, EYE, SURGICAL",None,SPE2DS-26-T-260F,Open,7017568918,4,07-23-2026,07-28-2026
26,6515-01-688-3936,,"FILTER, RESPERATOR, M",None,SPE2DS-26-T-260G,Open,7017566349,2,07-23-2026,07-28-2026
27,6515-01-688-3936,,"FILTER, RESPERATOR, M",None,SPE2DS-26-T-260G,Open,7017566328,2,07-23-2026,07-28-2026
28,6515-01-688-3936,,"FILTER, RESPERATOR, M",None,SPE2DS-26-T-260G,Open,7017568935,2,07-23-2026,07-28-2026
29,6515-01-728-2909,,"SENSOR, TEMPERATURE",None,SPE2DS-26-T-260J,Open,7017574644,1,07-23-2026,07-28-2026
30,6515-01-728-2909,,"SENSOR, TEMPERATURE",None,SPE2DS-26-T-260J,Open,7017574646,1,07-23-2026,07-28-2026
31,6515-01-728-2909,,"SENSOR, TEMPERATURE",None,SPE2DS-26-T-260J,Open,7017574645,1,07-23-2026,07-28-2026
32,6515-01-728-2909,,"SENSOR, TEMPERATURE",None,SPE2DS-26-T-260J,Open,7017574648,1,07-23-2026,07-28-2026
33,6515-01-728-2909,,"SENSOR, TEMPERATURE",None,SPE2DS-26-T-260J,Open,7017574647,1,07-23-2026,07-28-2026
34,6640-01-377-7202,,"FLASK, DEWAR",None,SPE2DS-26-T-260K,Open,7017571768,1,07-23-2026,07-28-2026
35,6515-01-354-3970,,"HOSE ASSEMBLY, OXYGEN",None,SPE2DS-26-T-260L,Open,7017575540,27,07-23-2026,07-28-2026
36,6515-01-614-4641,,"SPLINT, UNIVERSAL",None,SPE2DS-26-T-260P,Open,7017544754,10,07-23-2026,07-28-2026
37,6515-01-543-3209,,"COLLAR, EXTRICATION,",None,SPE2DS-26-T-260Q,Open,7017576475,1,07-23-2026,07-28-2026
38,6515-01-579-3275,,"INSERTION KIT, CHEST TU",None,SPE2DS-26-T-260R,Open,7017593951,10,07-23-2026,07-28-2026
39,6515-01-219-8567,,TRACHEOSTOMY CARE KIT,None,SPE2DS-26-T-260S,Open,7017577823,1,07-23-2026,07-28-2026
40,6515-01-646-5170,,"CABLE, INVASIVE BLOOD P",None,SPE2DS-26-T-260T,Open,7017577808,1,07-23-2026,07-28-2026
41,6515-01-722-3342,,"ADAPTER, OXYGEN FLOW",None,SPE2DS-26-T-260U,Open,7017577806,1,07-23-2026,07-28-2026
42,6515-01-256-5009,,"FORCEPS, THORACIC, GEMIN",None,SPE2DS-26-T-260V,Open,7017159679,2,07-23-2026,07-28-2026
43,6515-01-541-8147,,"SUPPORT, CERVICAL",None,SPE2DS-26-T-260X,Open,7017577805,1,07-23-2026,07-28-2026
44,6515-01-323-6531,,"ANESTHESIA SET, EPIDURA",None,SPE2DS-26-T-260Y,Open,7017577663,1,07-23-2026,07-28-2026
45,6515-01-323-6531,,"ANESTHESIA SET, EPIDURA",None,SPE2DS-26-T-260Y,Open,7017577639,1,07-23-2026,07-28-2026
46,6515-01-552-1481,,"CANNULA, NASAL, OXYGE",None,SPE2DS-26-T-260Z,Open,7017577661,1,07-23-2026,07-28-2026
47,6515-01-176-7576,,"HANDLE, SUCTION, SURGICA",None,SPE2DS-26-T-261B,Open,7017582791,1,07-23-2026,07-28-2026
48,6515-01-176-7576,,"HANDLE, SUCTION, SURGICA",None,SPE2DS-26-T-261B,Open,7017582785,1,07-23-2026,07-28-2026
49,6515-01-176-7576,,"HANDLE, SUCTION, SURGICA",None,SPE2DS-26-T-261B,Open,7017582787,1,07-23-2026,07-28-2026
50,6515-01-176-7576,,"HANDLE, SUCTION, SURGICA",None,SPE2DS-26-T-261B,Open,7017582788,1,07-23-2026,07-28-2026
51,6515-01-176-7576,,"HANDLE, SUCTION, SURGICA",None,SPE2DS-26-T-261B,Open,7017582783,1,07-23-2026,07-28-2026
52,6515-01-176-7576,,"HANDLE, SUCTION, SURGICA",None,SPE2DS-26-T-261B,Open,7017577774,1,07-23-2026,07-28-2026
53,6515-01-176-7576,,"HANDLE, SUCTION, SURGICA",None,SPE2DS-26-T-261B,Open,7017582786,1,07-23-2026,07-28-2026
54,6515-01-176-7576,,"HANDLE, SUCTION, SURGICA",None,SPE2DS-26-T-261B,Open,7017582784,1,07-23-2026,07-28-2026
55,6515-01-509-8638,,"BRACKET, JAR, UNIVERS",None,SPE2DS-26-T-261C,Open,7017577680,1,07-23-2026,07-28-2026
56,6515-01-509-8638,,"BRACKET, JAR, UNIVERS",None,SPE2DS-26-T-261C,Open,7017577669,1,07-23-2026,07-28-2026
57,6515-01-596-5035,,"MASK, ORONASAL",None,SPE2DS-26-T-261D,Open,7017577666,2,07-23-2026,07-28-2026
58,6515-01-342-9182,,"MANIFOLD ASSEMBLY, OXYG",None,SPE2DS-26-T-261E,Open,7017582792,3,07-23-2026,07-28-2026
59,6515-01-342-9182,,"MANIFOLD ASSEMBLY, OXYG",None,SPE2DS-26-T-261E,Open,7017582797,3,07-23-2026,07-28-2026
60,6515-01-342-9182,,"MANIFOLD ASSEMBLY, OXYG",None,SPE2DS-26-T-261E,Open,7017582793,3,07-23-2026,07-28-2026
61,6515-01-342-9182,,"MANIFOLD ASSEMBLY, OXYG",None,SPE2DS-26-T-261E,Open,7017582796,3,07-23-2026,07-28-2026
62,6515-01-342-9182,,"MANIFOLD ASSEMBLY, OXYG",None,SPE2DS-26-T-261E,Open,7017582789,3,07-23-2026,07-28-2026
63,6515-01-342-9182,,"MANIFOLD ASSEMBLY, OXYG",None,SPE2DS-26-T-261E,Open,7017582790,3,07-23-2026,07-28-2026
64,6515-01-342-9182,,"MANIFOLD ASSEMBLY, OXYG",None,SPE2DS-26-T-261E,Open,7017577850,3,07-23-2026,07-28-2026
65,6515-01-342-9182,,"MANIFOLD ASSEMBLY, OXYG",None,SPE2DS-26-T-261E,Open,7017582795,3,07-23-2026,07-28-2026
66,6515-01-610-7720,,"RESUSCITATOR, HAND OPER",None,SPE2DS-26-T-261F,Open,7017582843,1,07-23-2026,07-28-2026
67,6515-01-610-7720,,"RESUSCITATOR, HAND OPER",None,SPE2DS-26-T-261F,Open,7017577773,1,07-23-2026,07-28-2026
68,6515-01-610-7720,,"RESUSCITATOR, HAND OPER",None,SPE2DS-26-T-261F,Open,7017582842,1,07-23-2026,07-28-2026
69,6515-01-610-7720,,"RESUSCITATOR, HAND OPER",None,SPE2DS-26-T-261F,Open,7017582799,1,07-23-2026,07-28-2026
70,6515-01-610-7720,,"RESUSCITATOR, HAND OPER",None,SPE2DS-26-T-261F,Open,7017577772,1,07-23-2026,07-28-2026
71,6515-01-610-7720,,"RESUSCITATOR, HAND OPER",None,SPE2DS-26-T-261F,Open,7017582840,1,07-23-2026,07-28-2026
72,6515-01-610-7720,,"RESUSCITATOR, HAND OPER",None,SPE2DS-26-T-261F,Open,7017582798,1,07-23-2026,07-28-2026
73,6515-01-610-7720,,"RESUSCITATOR, HAND OPER",None,SPE2DS-26-T-261F,Open,7017582841,1,07-23-2026,07-28-2026
74,6515-01-727-6108,,BLOOD-FLUID WARMER,None,SPE2DS-26-T-261G,Open,7017577807,1,07-23-2026,07-28-2026
75,6515-01-035-6483,,"ELECTRODE, ELECTROCARDI",None,SPE2DS-26-T-261J,Open,7017578622,2,07-23-2026,07-28-2026
76,6515-01-197-2946,,"CONNECTOR, OXYGEN TUBIN",None,SPE2DS-26-T-261K,Open,7017578625,2,07-23-2026,07-28-2026
77,6515-01-486-3148,,"CUFF, TOURNIQUET, PNE",None,SPE2DS-26-T-261L,Open,7017578711,1,07-23-2026,07-28-2026
78,6515-01-164-3038,,"SYRINGE, HYPODERMIC",None,SPE2DS-26-T-261M,Open,7017578628,1,07-23-2026,07-28-2026
79,6515-01-245-2115,,"HOLDER, TRACHEAL TUBE",None,SPE2DS-26-T-261P,Open,7017578576,1,07-23-2026,07-28-2026
80,6515-01-614-6436,,"PROBE, TEMPERATURE MONI",None,SPE2DS-26-T-261Q,Open,7017578710,4,07-23-2026,07-28-2026
81,6515-01-367-5272,,"AIRWAY, ORAL",None,SPE2DS-26-T-261R,Open,7017578518,2,07-23-2026,07-28-2026
82,6515-01-314-6694,,STETHOSCOPE,None,SPE2DS-26-T-261S,Open,7017578626,1,07-23-2026,07-28-2026
83,6515-01-314-6694,,STETHOSCOPE,None,SPE2DS-26-T-261S,Open,7017584505,5,07-23-2026,07-28-2026
84,6515-01-467-1932,,"TUBING, SURGICAL",None,SPE2DS-26-T-261T,Open,7017578715,2,07-23-2026,07-28-2026
85,6515-01-467-1933,,"TUBING, SURGICAL",None,SPE2DS-26-T-261W,Open,7017578696,1,07-23-2026,07-28-2026
86,6515-01-600-1916,,"ANESTHESIA SET, SPINAL",None,SPE2DS-26-T-262A,Open,7017578657,1,07-23-2026,07-28-2026
87,6515-01-156-2936,,"HANDLE, SUCTION, SURGICA",None,SPE2DS-26-T-262B,Open,7017577822,2,07-23-2026,07-28-2026
88,6515-01-615-2124,,"CATHETERIZATION KIT, UR",None,SPE2DS-26-T-262D,Open,7017580234,1,07-23-2026,07-28-2026
89,6515-01-168-8108,,"SYRINGE, HYPODERMIC",None,SPE2DS-26-T-262E,Open,7017580230,1,07-23-2026,07-28-2026
90,6515-01-562-0759,,"NEEDLE, HYPODERMIC",None,SPE2DS-26-T-262F,Open,7017580232,1,07-23-2026,07-28-2026
91,6515-01-562-0759,,"NEEDLE, HYPODERMIC",None,SPE2DS-26-T-262F,Open,7017594174,1,07-23-2026,07-28-2026
92,6515-01-620-0444,,"VALVE, RESUSCITATOR",None,SPE2DS-26-T-262G,Open,7017577633,1,07-23-2026,07-28-2026
93,6515-01-620-0444,,"VALVE, RESUSCITATOR",None,SPE2DS-26-T-262G,Open,7017577664,1,07-23-2026,07-28-2026
94,6515-01-620-0444,,"VALVE, RESUSCITATOR",None,SPE2DS-26-T-262G,Open,7017577668,1,07-23-2026,07-28-2026
95,6515-01-673-8476,,"BRACE, ANKLE",None,SPE2DS-26-T-262H,Open,7017577747,2,07-23-2026,07-28-2026
96,6515-01-516-1581,,"SUCTION UNIT, FIELD",None,SPE2DS-26-T-262J,Open,7017578652,2,07-23-2026,07-28-2026
97,6515-01-334-3346,,"AIRWAY, PHARYNGEAL",None,SPE2DS-26-T-262L,Open,7017580237,1,07-23-2026,07-28-2026
98,6515-01-334-3346,,"AIRWAY, PHARYNGEAL",None,SPE2DS-26-T-262L,Open,7017582046,10,07-23-2026,07-28-2026
99,6515-01-690-9943,,"MASK, SURGICAL",None,SPE2DS-26-T-262M,Open,7017580390,5,07-23-2026,07-28-2026
100,6515-01-615-6315,,"NEEDLE, INTRAOSSEOUS",None,SPE2DS-26-T-262P,Open,7017598164,1,07-23-2026,07-28-2026
101,6515-01-615-6315,,"NEEDLE, INTRAOSSEOUS",None,SPE2DS-26-T-262P,Open,7017584413,2,07-23-2026,07-28-2026
102,6515-01-615-6315,,"NEEDLE, INTRAOSSEOUS",None,SPE2DS-26-T-262P,Open,7017583131,20,07-23-2026,07-28-2026
103,6515-01-477-0878,,HEAT AND MOISTURE E,None,SPE2DS-26-T-262Q,Open,7017583133,4,07-23-2026,07-28-2026
104,6515-01-716-9209,,"MONITORING KIT, BLOOD P",None,SPE2DS-26-T-262R,Open,7017583130,4,07-23-2026,07-28-2026
105,6515-01-716-9209,,"MONITORING KIT, BLOOD P",None,SPE2DS-26-T-262R,Open,7017590017,1,07-23-2026,07-28-2026
106,6515-01-716-9209,,"MONITORING KIT, BLOOD P",None,SPE2DS-26-T-262R,Open,7017596852,2,07-23-2026,07-28-2026
107,6515-01-716-9209,,"MONITORING KIT, BLOOD P",None,SPE2DS-26-T-262R,Open,7017596838,2,07-23-2026,07-28-2026
108,4110-01-632-3232,,SENSOR CABINET,None,SPE3SE-26-T-1047,Open,7017574131,1,07-23-2026,07-27-2026
109,4110-01-566-3460,,"REFRIGERATOR, MECHAN",None,SPE3SE-26-T-1049,Open,7017574196,1,07-23-2026,07-27-2026
110,4110-01-453-2373,,"ICE MAKING MACHINE,",None,SPE3SE-26-T-1050,Open,7017576208,1,07-23-2026,07-27-2026
111,5340-01-102-6047,,"CLIP, RETAINING",None,SPE4A5-26-T-304V,Open,7017586003,1698,07-23-2026,07-30-2026
112,5995-01-576-3900,,"CABLE ASSEMBLY, FIBE",None,SPE4A5-26-T-304X,Open,7017571640,5,07-23-2026,07-30-2026
113,5995-01-576-3901,,"CABLE ASSEMBLY, FIBE",None,SPE4A5-26-T-304Y,Open,7017571641,5,07-23-2026,07-30-2026
114,5995-01-091-6410,,"CABLE ASSEMBLY, SPECIAL",Tech Docs,SPE4A6-26-Q-1200,Open,7017572408,6,07-22-2026,07-30-2026
115,0001S00000061,,PRODUCTION LOT TESTING,None,SPE4A6-26-Q-1200,Open,7017572408,See Solicitation,07-22-2026,07-30-2026
116,6210-01-508-6411,Mil-Spec,"FIXTURE, LIGHTING",Tech Docs \*Spec/Stnd Only,SPE4A6-26-T-08ZQ,Open,7017571431,39,07-23-2026,07-30-2026
117,0001S00000053,,CONTRACTOR FIRST ARTIC,None,SPE4A6-26-T-08ZQ,Open,7017571431,See Solicitation,07-23-2026,07-30-2026
118,5995-01-593-5500,,"WIRING HARNESS, BRANCHE",Tech Docs,SPE4A6-26-T-08ZS,Open,7017571423,2,07-23-2026,07-30-2026
119,0001S00000053,,CONTRACTOR FIRST ARTIC,None,SPE4A6-26-T-08ZS,Open,7017571423,See Solicitation,07-23-2026,07-30-2026
120,6210-01-671-4225,,"LIGHT, INDICATOR",None,SPE4A6-26-T-08ZT,Open,7017572683,13,07-23-2026,07-30-2026
121,5995-01-235-5163,,"CABLE ASSEMBLY, RADIO F",None,SPE4A6-26-T-08ZX,Open,7017522913,1,07-23-2026,07-30-2026
122,6240-00-538-0920,,"LAMP, INCANDESCENT",None,SPE4A6-26-T-09AE,Open,7017572056,245,07-23-2026,07-30-2026
123,5995-01-613-2420,,"CABLE ASSEMBLY, SPECIAL",None,SPE4A6-26-T-09AL,Open,7017571802,21,07-23-2026,07-30-2026
124,5995-01-651-2016,,"CABLE ASSEMBLY, SPEC",Tech Docs,SPE4A6-26-T-09AP,Open,7017571729,1,07-23-2026,07-30-2026
125,0001S00000061,,PRODUCTION LOT TESTING,None,SPE4A6-26-T-09AP,Open,7017571729,See Solicitation,07-23-2026,07-30-2026
126,6210-01-415-7615,,"INSERT, LEGEND, LIGHT",Tech Docs,SPE4A6-26-T-09AR,Open,7017572309,4,07-23-2026,07-30-2026
127,5995-01-505-6001,,"WIRING HARNESS, BRANCHE",Tech Docs,SPE4A6-26-T-09AS,Open,7017571388,3,07-23-2026,07-30-2026
128,0001S00000053,,CONTRACTOR FIRST ARTIC,None,SPE4A6-26-T-09AS,Open,7017571388,See Solicitation,07-23-2026,07-30-2026
129,5995-98-208-4196,,"CABLE ASSEMBLY, SPEC",None,SPE4A6-26-T-09AW,Open,7017040181,2,07-23-2026,07-30-2026
130,5995-01-620-6749,,"CABLE ASSEMBLY, SPEC",Tech Docs,SPE4A6-26-T-09BN,Open,7017540310,1,07-23-2026,07-30-2026
131,5995-01-116-9028,,"CABLE ASSEMBLY, REEL",None,SPE4A6-26-T-09CA,Open,7013312723,4,07-23-2026,07-30-2026
132,5995-01-116-9028,,"CABLE ASSEMBLY, REEL",None,SPE4A6-26-T-09CA,Open,7014365383,3,07-23-2026,07-30-2026
133,5995-01-678-0764,,"CABLE ASSEMBLY, SPEC",Tech Docs,SPE4A6-26-T-09CW,Open,7013233520,14,07-23-2026,07-30-2026
134,0001S00000053,,CONTRACTOR FIRST ARTIC,None,SPE4A6-26-T-09CW,Open,7013233520,See Solicitation,07-23-2026,07-30-2026
135,5995-01-496-3875,,"CABLE ASSEMBLY, SPECIAL",None,SPE4A6-26-T-09ER,Open,7017595345,12,07-23-2026,07-30-2026
136,5995-01-558-6342,,"CABLE ASSEMBLY, RADI",None,SPE4A7-26-T-592D,Open,7015852695,4,07-23-2026,07-30-2026
137,5340-01-168-5106,,"COVER, ACCESS",Tech Docs,SPE7L1-26-Q-1353,Open,7010782611,15,07-22-2026,08-06-2026
138,0001S00000052,,GOVERNMENT FIRST ARTIC,None,SPE7L1-26-Q-1353,Open,7010782611,See Solicitation,07-22-2026,08-06-2026
139,5340-01-669-5587,,"PAD, CUSHIONING",None,SPE7L1-26-T-861N,Open,7017574087,2,07-23-2026,08-03-2026
140,5340-01-592-2268,,"HANDLE, DOOR",None,SPE7L1-26-T-861V,Open,7017574116,1,07-23-2026,08-03-2026
141,5340-01-592-2267,,"HANDLE, DOOR",None,SPE7L1-26-T-861Y,Open,7017574115,1,07-23-2026,08-03-2026
142,5340-01-666-3191,,"BRACKET, MOUNTING",None,SPE7L1-26-T-861Z,Open,7017573993,1,07-23-2026,08-03-2026
143,5340-01-435-8194,,"CLAMP, LOOP",None,SPE7L1-26-T-862B,Open,7017574198,2,07-23-2026,08-03-2026
144,5340-01-655-3802,,"DOOR, ACCESS, UTILITY",None,SPE7L1-26-T-862F,Open,7017574146,1,07-23-2026,08-03-2026
145,5340-01-629-1586,,"INCLINOMETER, INDUST",None,SPE7L1-26-T-862G,Open,7017574151,2,07-23-2026,08-03-2026
146,5340-12-380-6347,,BUMPER,None,SPE7L1-26-T-862L,Open,7016470874,35,07-23-2026,08-03-2026
147,5340-01-525-8105,,"SLIDE, DRAWER, EXTENS",None,SPE7L1-26-T-862M,Open,7017574089,1,07-23-2026,08-03-2026
148,5340-01-619-4719,,"DOOR, ACCESS, GENERAL",Tech Docs,SPE7L1-26-T-862R,Open,7016081966,7,07-23-2026,08-03-2026
149,5340-01-735-1417,,"BRACKET, MOUNTING",None,SPE7L1-26-T-862T,Open,7017529476,6,07-23-2026,08-03-2026
150,5340-01-696-7530,,"MOUNT, RESILIENT, UTI",None,SPE7L1-26-T-862W,Open,7017552623,1,07-23-2026,08-03-2026
151,5340-01-679-1074,,"CAP, PROTECTIVE, DUST",None,SPE7L1-26-T-863N,Open,7016483559,206,07-23-2026,08-03-2026
152,5340-01-701-5391,,"LOCK SET, RIM",None,SPE7L3-26-T-124Z,Open,7017562199,1,07-23-2026,08-03-2026
153,5340-01-518-5562,,"ROD, STRAIGHT, HEADLE",None,SPE7L4-26-T-5738,Open,7017584311,4,07-23-2026,08-03-2026
154,5340-01-112-7793,,"CLAMP, LOOP",None,SPE7LX-26-U-8925,Open,1000237623,208,07-23-2026,08-06-2026
155,5340-00-177-8078,,"COVER, ACCESS",Tech Docs,SPE7LX-26-U-8926,Open,1000237505,24,07-23-2026,08-06-2026
156,5340-01-661-2051,,"PLUG, PROTECTIVE, DUS",Tech Docs,SPE7LX-26-U-8929,Open,1000237704,1,07-23-2026,08-06-2026
157,5340-01-730-5672,,"CAP, PROTECTIVE, DUST",None,SPE7M0-26-T-016Z,Open,7017554710,2,07-23-2026,08-03-2026
158,5340-01-558-9644,,"ADAPTER, TIE DOWN",None,SPE7M1-26-U-4770,Open,1000237607,333,07-23-2026,08-06-2026
159,6210-01-618-9748,,"DRIVER, LIGHT EMMIT ING",None,SPE7M1-26-U-4801,Open,1000238079,129,07-23-2026,08-06-2026
160,7930-01-660-1605,,"KIT, CLEANING, SHIP",None,SPE8E5-26-T-3662,Open,7017585992,190,07-23-2026,08-03-2026
161,6210-14-523-9485,,"LIGHT, INDICATOR",None,SPE8E7-26-T-3378,Open,7017585662,199,07-23-2026,08-03-2026
162,6240-01-475-8238,,"LAMP, FLUORESCENT",None,SPE8E7-26-T-3379,Open,7017585454,9,07-23-2026,08-03-2026
163,6240-01-538-2211,,"LAMP, INCANDESCENT",None,SPE8E7-26-T-3380,Open,7017585138,42,07-23-2026,08-03-2026
164,6210-01-566-1729,,"LIGHT, INDICATOR",None,SPE8E7-26-T-3384,Open,7017585216,3,07-23-2026,08-03-2026
165,6210-01-664-0575,,"LAMP, LIGHT EMITTING DI",None,SPE8E7-26-T-3394,Open,7017586022,5,07-23-2026,08-03-2026
166,6240-01-353-9709,,"LAMP, INCANDESCENT",None,SPE8E7-26-T-3397,Open,7017592151,20,07-23-2026,08-03-2026
167,4130-01-622-3092,,"COMPRESSOR, REFRIGERATI",None,SPE8E8-26-Q-0438,Open,7016074773,1,07-23-2026,07-30-2026
168,4130-01-126-1760,,"CONNECTOR, AIR DUCT",None,SPE8E8-26-T-4778,Open,7017586034,12,07-23-2026,08-03-2026
169,4510-00-483-5639,,"FAUCET, DOUBLE",None,SPE8E8-26-T-4779,Open,7017586143,38,07-23-2026,08-03-2026
170,4130-00-814-0142,,"MANIFOLD, CHARGING A",None,SPE8E8-26-T-4780,Open,7017585201,26,07-23-2026,08-03-2026
171,4130-00-391-8811,,"CRANKSHAFT, COMPRESS",None,SPE8E8-26-T-4782,Open,7017586121,7,07-23-2026,08-03-2026
172,4130-01-252-0070,,"ADAPTER, VACUUM",None,SPE8E8-26-T-4785,Open,7017585777,24,07-23-2026,08-03-2026
173,4130-01-255-1985,,"COOLING COIL, AIR, DUCT",None,SPE8E8-26-T-4786,Open,7017585801,15,07-23-2026,08-03-2026
174,4510-01-276-1430,,"VALVE, PLUMBING FIXT",None,SPE8E8-26-T-4788,Open,7017585830,17,07-23-2026,08-03-2026
175,4510-01-501-7538,Mil-Spec,"FAUCET, DOUBLE",Tech Docs \*Spec/Stnd Only,SPE8E8-26-T-4796,Open,7017585358,58,07-23-2026,08-03-2026
176,4520-01-469-5585,,SHA DOOR STORAGE,None,SPE8E8-26-T-4797,Open,7017585289,161,07-23-2026,08-03-2026
177,4510-01-580-0376,,"DRAIN, FLOOR",None,SPE8E8-26-T-4799,Open,7017585253,6,07-23-2026,08-03-2026
178,4510-01-345-8948,,"NUT, WELDMENT",Tech Docs,SPE8E8-26-T-4801,Open,7017585905,153,07-23-2026,08-03-2026
179,4130-01-591-7060,,"FILTER ELEMENT, AIR CON",None,SPE8E8-26-T-4804,Open,7017585171,52,07-23-2026,08-03-2026
180,4520-01-602-4807,,"HEATING ELEMENT, ELEMEN",None,SPE8E8-26-T-4806,Open,7017585196,110,07-23-2026,08-03-2026
181,4520-01-619-5978,,"HEATING ELEMENT, ELE",None,SPE8E8-26-T-4807,Open,7017585875,7,07-23-2026,08-03-2026
182,4130-01-577-7077,,"CONDENSER, REFRIGERATIO",None,SPE8E8-26-T-4808,Open,7017585251,13,07-23-2026,08-03-2026
183,4520-01-592-2632,,"HEATING BLANKET, ELE",None,SPE8E8-26-T-4810,Open,7017585173,5,07-23-2026,08-03-2026
184,4130-01-511-6016,,"FILTER ELEMENT, AIR",None,SPE8E8-26-T-4811,Open,7017585389,23,07-23-2026,08-03-2026
185,4130-01-595-6356,,"FILTER ELEMENT, AIR CON",None,SPE8E8-26-T-4812,Open,7017585177,69,07-23-2026,08-03-2026
186,4520-01-469-5757,,SHA REAMER,None,SPE8E8-26-T-4815,Open,7017585290,230,07-23-2026,08-03-2026
187,4130-01-567-2032,,"FILTER ELEMENT, AIR CON",None,SPE8E8-26-T-4817,Open,7017585219,24,07-23-2026,08-03-2026
188,4520-01-590-0841,,"HEATING BLANKET, ELE",None,SPE8E8-26-T-4818,Open,7017585159,6,07-23-2026,08-03-2026
189,4120-01-657-9196,,"NRP, COMMAND MODULE",None,SPE8E8-26-T-4819,Open,7017585979,3,07-23-2026,08-03-2026
190,4520-01-675-3965,,"HEATING ELEMENT, ELE",None,SPE8E8-26-T-4820,Open,7017585925,1,07-23-2026,08-03-2026
191,4130-01-602-1062,,"FILTER ELEMENT, AIR",None,SPE8E8-26-T-4821,Open,7017585195,40,07-23-2026,08-03-2026
192,4130-20-007-9525,,"FILTER ELEMENT, AIR",None,SPE8E8-26-T-4822,Open,7017585664,51,07-23-2026,08-03-2026
193,4510-01-601-1511,,PLUMBING SUB-ASSY,None,SPE8E8-26-T-4824,Open,7017585193,28,07-23-2026,08-03-2026
194,4130-01-661-4544,,"FILTER MEDIA, AIR CO",None,SPE8E8-26-T-4826,Open,7017585994,15,07-23-2026,08-03-2026
195,4130-01-623-9976,,"FILTER ELEMENT, AIR",None,SPE8E8-26-T-4828,Open,7017574120,1,07-23-2026,08-03-2026
196,4130-00-830-7676,,VALVE PLATE ASSEMBL,None,SPE8E8-26-T-4830,Open,7017585202,26,07-23-2026,08-03-2026
197,4130-01-618-4810,,"COVER, AIR CONDITIONER",None,SPE8E8-26-T-4831,Open,7017585874,33,07-23-2026,08-03-2026
198,4510-25-163-2657,,"BOWL, WATER CLOSET",None,SPE8E8-26-T-4832,Open,7017585669,6,07-23-2026,08-03-2026
199,4520-01-527-6305,,"HEATING ELEMENT, ELE",None,SPE8E8-26-T-4833,Open,7017585110,9,07-23-2026,08-03-2026
200,4520-01-373-0533,,"LATCH, HEATER DOOR",Tech Docs,SPE8E8-26-T-4834,Open,7015858223,1,07-23-2026,08-03-2026
201,4130-00-032-5223,,CYLINDER SLEEVE,None,SPE8E9-26-T-3202,Open,7017585441,72,07-23-2026,08-03-2026
202,4130-01-205-3774,,"FILTER ELEMENT, AIR CON",None,SPE8E9-26-T-3213,Open,7017586138,8,07-23-2026,08-03-2026
203,4520-01-207-1159,,"HEATER, WATER, ELECTR",None,SPE8E9-26-T-3220,Open,7017586162,1,07-23-2026,08-03-2026
204,4130-01-164-1340,,HEAT EXCHANGER,None,SPE8E9-26-T-3224,Open,7017586194,2,07-23-2026,08-03-2026
205,4130-01-184-7391,,"CONDENSER, SPIRAL",None,SPE8E9-26-T-3225,Open,7017586225,9,07-23-2026,08-03-2026
206,4510-01-198-0338,,"FOUNTAIN, EYEWASH, EM",None,SPE8E9-26-T-3226,Open,7017586135,3,07-23-2026,08-03-2026
207,4130-01-504-0651,,"FILTER ELEMENT, AIR CON",None,SPE8E9-26-T-3228,Open,7017585380,883,07-23-2026,08-03-2026
208,4510-01-327-7785,,"FAUCET, SINGLE",None,SPE8E9-26-T-3232,Open,7017585754,67,07-23-2026,08-03-2026
209,4520-00-740-3428,,"HEATING ELEMENT, ELE",None,SPE8E9-26-T-3242,Open,7016936666,70,07-23-2026,08-03-2026
210,7025-01-671-2396,,"INTERFACE UNIT, AUTO",None,SPE8EN-26-T-2641,Open,7017585894,2,07-23-2026,08-03-2026
211,7025-01-641-1195,,DISK DRIVE UNIT,None,SPE8EN-26-T-2644,Open,7017585783,24,07-23-2026,08-03-2026
212,7025-01-349-6128,,"COUPLER, DIGITAL DATA",Tech Docs,SPE8EN-26-T-2645,Open,7017585909,44,07-23-2026,08-03-2026
213,0001S00000053,,CONTRACTOR FIRST ARTIC,None,SPE8EN-26-T-2645,Open,7017585909,See Solicitation,07-23-2026,08-03-2026
214,7025-01-686-0519,,"INTERFACE UNIT, AUTOMAT",Tech Docs,SPE8EN-26-T-2646,Open,7017585574,4,07-23-2026,08-03-2026
215,7025-01-708-4317,,CORE MEMORY UNIT,None,SPE8EN-26-T-2647,Open,7017585529,6,07-23-2026,08-03-2026
216,7025-01-623-7946,,"MEMORY UNIT, DATA ST",None,SPE8EN-26-T-2650,Open,7017585765,2,07-23-2026,08-03-2026
217,7025-01-605-4972,,"KEYBOARD, DATA ENTRY",None,SPE8EN-26-T-2651,Open,7017585827,16,07-23-2026,08-03-2026
218,7050-01-566-0685,,COMPUTER SUBASSEMBL,Tech Docs,SPE8EN-26-T-2652,Open,7017585215,21,07-23-2026,08-03-2026
219,7025-01-640-8657,,DISPLAY UNIT,None,SPE8EN-26-T-2653,Open,7017585782,3,07-23-2026,08-03-2026
220,7025-01-643-5420,,"RECEIVER, DIGITAL DATA",None,SPE8EN-26-T-2654,Open,7017585787,5,07-23-2026,08-03-2026
221,7050-01-659-4670,,COMPUTER SUBASSEMBL,None,SPE8EN-26-T-2655,Open,7017585991,3,07-23-2026,08-03-2026
222,7025-01-669-7339,,"MEMORY CARD, PERSONA",None,SPE8EN-26-T-2656,Open,7017585893,47,07-23-2026,08-03-2026
223,7050-01-698-8695,,"CONVERTER, DIGITAL T",None,SPE8EN-26-T-2657,Open,7017585627,6,07-23-2026,08-03-2026
224,7021-01-719-3034,,COMPUTER SUBASSEMBL,None,SPE8EN-26-T-2658,Open,7017585686,4,07-23-2026,08-03-2026
225,7025-01-728-8546,,DISK DRIVE UNIT,None,SPE8EN-26-T-2659,Open,7017585739,5,07-23-2026,08-03-2026
226,7025-99-507-3939,,BALL,None,SPE8EN-26-T-2660,Open,7017585682,20,07-23-2026,08-03-2026
227,7025-01-622-6180,,"TERMINAL, DATA PROCESSI",None,SPE8EN-26-T-2661,Open,7017585879,7,07-23-2026,08-03-2026
228,7025-01-708-6423,,DISPLAY UNIT,None,SPE8EN-26-T-2662,Open,7017585550,12,07-23-2026,08-03-2026
229,7025-01-615-5219,,DISK DRIVE UNIT,Tech Docs,SPE8EN-26-T-2663,Open,7017585870,6,07-23-2026,08-03-2026
230,7025-01-717-5029,,"STYLUS, DATA ENTRY",None,SPE8EN-26-T-2664,Open,7017585556,8,07-23-2026,08-03-2026
231,7025-01-664-7110,,"PROCESSOR, GATEWAY",None,SPE8EN-26-T-2665,Open,7017586024,12,07-23-2026,08-03-2026
232,7050-01-694-2565,,COMPUTER SUBASSEMBL,None,SPE8EN-26-T-2666,Open,7017585620,4,07-23-2026,08-03-2026
233,7025-01-722-5275,,DISK DRIVE UNIT,None,SPE8EN-26-T-2667,Open,7017585711,50,07-23-2026,08-03-2026
234,7025-01-733-2254,,DISK DRIVE UNIT,None,SPE8EN-26-T-2668,Open,7017585763,6,07-23-2026,08-03-2026
235,7025-12-391-3744,,"INTERFACE UNIT, DATA",None,SPE8EN-26-T-2669,Open,7017585648,10,07-23-2026,08-03-2026
236,7025-01-574-9308,,"KEYBOARD, DATA ENTRY",None,SPE8EN-26-T-2670,Open,7017574111,5,07-23-2026,08-03-2026
237,7510-01-553-3457,,"TAPE, PRESSURE SENSI",None,SPE8EN-26-T-2671,Open,7017574050,4,07-23-2026,08-03-2026
238,7050-01-518-9110,,COMPUTER SUBASSEMBL,None,SPE8EN-26-T-2672,Open,7017574102,1,07-23-2026,08-03-2026
239,7025-01-665-5383,,"OPTICAL READER, DATA",None,SPE8EN-26-T-2673,Open,7017574090,5,07-23-2026,08-03-2026
240,7025-01-728-9463,,DISPLAY UNIT,Tech Docs,SPE8EN-26-T-2674,Open,7017585760,3,07-23-2026,08-03-2026
241,7025-01-521-7483,,"KEYBOARD, DATA ENTRY",None,SPE8EN-26-T-2675,Open,7017585451,1,07-23-2026,08-03-2026
242,7025-01-696-2984,,DISK DRIVE UNIT,None,SPE8EN-26-T-2676,Open,7017585624,38,07-23-2026,08-03-2026
243,7025-01-586-9193,,"INTERFACE UNIT, AUTO",None,SPE8EN-26-T-2677,Open,7017034081,205,07-23-2026,08-03-2026
244,7025-01-642-4538,,"INTERFACE UNIT, AUTO",None,SPE8EN-26-T-2678,Open,7017585785,2,07-23-2026,08-03-2026
245,8010-00-141-7840,Mil-Spec,"COATING COMPOUND, NO",Tech Docs,SPE8ES-26-T-2409,Open,7017585532,5,07-23-2026,07-28-2026
246,8010-00-297-0549,Mil-Spec,ENAMEL,Tech Docs,SPE8ES-26-T-2411,Open,7017586086,8,07-23-2026,07-28-2026
247,8010-00-926-4727,Mil-Spec,"REMOVER, PAINT",Tech Docs,SPE8ES-26-T-2412,Open,7017585056,3,07-23-2026,07-28-2026
248,8010-01-380-3282,Mil-Spec,POLYURETHANE COATING,Tech Docs \*Spec/Stnd Only,SPE8ES-26-T-2414,Open,7017585958,2,07-23-2026,07-28-2026
252,8010-00-664-7651,Mil-Spec,LACQUER,Tech Docs \*Spec/Stnd Only,SPE8ES-26-T-2420,Open,7017586063,39,07-23-2026,07-28-2026
253,8010-00-801-5004,Mil-Spec,ENAMEL,Tech Docs \*Spec/Stnd Only,SPE8ES-26-T-2425,Open,7017576824,4,07-23-2026,07-28-2026
